{"北京":{"2015年":0.9147822418,"2014年":0.9036672732,"2013年":0.906228153,"2012年":0.8844310854,"2011年":0.8448469874},"天津":{"2015年":0.6530748317,"2014年":0.6623305089,"2013年":0.6571354996,"2012年":0.6341743292,"2011年":0.5842356115},"石家庄":{"2015年":0.2046279264,"2014年":0.2076988835,"2013年":0.2119058554,"2012年":0.2128391165,"2011年":0.203457812},"太原":{"2015年":0.0953100047,"2014年":0.0940403312,"2013年":0.0979859882,"2012年":0.1029685337,"2011年":0.0979114301},"呼和浩特":{"2015年":0.1096626139,"2014年":0.1096715152,"2013年":0.1118155855,"2012年":0.1112108353,"2011年":0.1030317916},"沈阳":{"2015年":0.2786462206,"2014年":0.2907488076,"2013年":0.3185799655,"2012年":0.3183727026,"2011年":0.3000689918},"大连":{"2015年":0.2972074683,"2014年":0.3147308922,"2013年":0.3414597867,"2012年":0.3384614303,"2011年":0.3124506213},"长春":{"2015年":0.2082417387,"2014年":0.2151131017,"2013年":0.2183911519,"2012年":0.2106505395,"2011年":0.199262436},"哈尔滨":{"2015年":0.2171794888,"2014年":0.2150114663,"2013年":0.2190358699,"2012年":0.2153489525,"2011年":0.2118649026},"上海":{"2015年":1.0,"2014年":1.0,"2013年":1.0,"2012年":1.0,"2011年":1.0},"南京":{"2015年":0.3775870095,"2014年":0.3649099385,"2013年":0.3582396548,"2012年":0.3484405385,"2011年":0.3121812951},"杭州":{"2015年":0.3908994808,"2014年":0.381507951,"2013年":0.3736598975,"2012年":0.3785786497,"2011年":0.3582218563},"宁波":{"2015年":0.3081976116,"2014年":0.3127800088,"2013年":0.3171994229,"2012年":0.3173486895,"2011年":0.3076338449},"合肥":{"2015年":0.2135046584,"2014年":0.2071691735,"2013年":0.203039239,"2012年":0.1959780379,"2011年":0.179946841},"福州":{"2015年":0.211799786,"2014年":0.2076510804,"2013年":0.2032990785,"2012年":0.1986886609,"2011年":0.1852058185},"厦门":{"2015年":0.124836746,"2014年":0.1260163004,"2013年":0.1261216328,"2012年":0.1283530155,"2011年":0.1221133732},"南昌":{"2015年":0.1464145551,"2014年":0.1430006137,"2013年":0.1408971575,"2012年":0.1375590941,"2011年":0.1299960418},"济南":{"2015年":0.2312831761,"2014年":0.2335526103,"2013年":0.2289432388,"2012年":0.2280738213,"2011年":0.2205139125},"青岛":{"2015年":0.3605867768,"2014年":0.3593695158,"2013年":0.3579988733,"2012年":0.3534853089,"2011年":0.3369572035},"郑州":{"2015年":0.280230673,"2014年":0.2768936596,"2013年":0.2741111537,"2012年":0.2655255948,"2011年":0.2507438096},"武汉":{"2015年":0.4254652738,"2014年":0.418687568,"2013年":0.4065581817,"2012年":0.388708348,"2011年":0.3446838631},"长沙":{"2015年":0.3286657787,"2014年":0.3220189274,"2013年":0.3183270984,"2012年":0.3081978273,"2011年":0.2844480683},"广州":{"2015年":0.7162031978,"2014年":0.7045324663,"2013年":0.7026018348,"2012年":0.6671696378,"2011年":0.6430636364},"深圳":{"2015年":0.6920565635,"2014年":0.6741688828,"2013年":0.659841735,"2012年":0.6369963888,"2011年":0.594684522},"南宁":{"2015年":0.1225762444,"2014年":0.1206210097,"2013年":0.1161454692,"2012年":0.1125962648,"2011年":0.1048306381},"海口":{"2015年":0.0317306698,"2014年":0.0320517652,"2013年":0.0278790589,"2012年":0.028044908,"2011年":0.0258721876},"重庆":{"2015年":0.6199019506,"2014年":0.5992678804,"2013年":0.5800319617,"2012年":0.5596683402,"2011年":0.515933732},"成都":{"2015年":0.4212449165,"2014年":0.418132449,"2013年":0.4092365274,"2012年":0.395489925,"2011年":0.3495528183},"贵阳":{"2015年":0.1016065968,"2014年":0.0925838438,"2013年":0.0827651571,"2012年":0.0722933175,"2011年":0.0611729027},"昆明":{"2015年":0.1451214545,"2014年":0.1449398693,"2013年":0.1445823231,"2012年":0.1380911793,"2011年":0.1205464319},"拉萨":{"2015年":0.0,"2014年":0.0,"2013年":0.0,"2012年":0.0,"2011年":0.0},"西安":{"2015年":0.2191995545,"2014年":0.2215820243,"2013年":0.2128573607,"2012年":0.2061077362,"2011年":0.1919431917},"兰州":{"2015年":0.0694742576,"2014年":0.0712089663,"2013年":0.0683954283,"2012年":0.0654414651,"2011年":0.0599585628},"西宁":{"2015年":0.0305046487,"2014年":0.0309354981,"2013年":0.0313136816,"2012年":0.0296662621,"2011年":0.0288974963},"银川":{"2015年":0.0451425482,"2014年":0.0448388799,"2013年":0.0457461624,"2012年":0.044715239,"2011年":0.0402808794},"乌鲁木齐":{"2015年":0.0911195504,"2014年":0.0910420861,"2013年":0.088223646,"2012年":0.0875430813,"2011年":0.0773514529},"数据来源：国家统计局":{"2015年":null,"2014年":null,"2013年":null,"2012年":null,"2011年":null}}