{"北京":{"2015年":0.6104310256,"2014年":0.7219629685,"2013年":0.7074079908,"2012年":0.8350667785,"2011年":0.6863843123},"天津":{"2015年":0.186297706,"2014年":0.2366902504,"2013年":0.2105318423,"2012年":0.2581138334,"2011年":0.2903119309},"石家庄":{"2015年":0.1131570826,"2014年":0.0728084701,"2013年":0.0295584606,"2012年":0.0355386645,"2011年":0.0519108217},"太原":{"2015年":0.0961835202,"2014年":0.1527422349,"2013年":0.120123904,"2012年":0.1497421104,"2011年":0.1749512031},"呼和浩特":{"2015年":0.0153619312,"2014年":0.0522856139,"2013年":0.0131779283,"2012年":0.0412535638,"2011年":0.0360668127},"沈阳":{"2015年":0.065768268,"2014年":0.0880124442,"2013年":0.0889378905,"2012年":0.1216983846,"2011年":0.123554063},"大连":{"2015年":0.1444638755,"2014年":0.2413568167,"2013年":0.1826534362,"2012年":0.2293732181,"2011年":0.2551576985},"长春":{"2015年":0.064328087,"2014年":0.0871092378,"2013年":0.0708248018,"2012年":0.0733415447,"2011年":0.1438228935},"哈尔滨":{"2015年":0.0557555807,"2014年":0.0822921371,"2013年":0.0789625663,"2012年":0.062503292,"2011年":0.1010350343},"上海":{"2015年":0.5830332956,"2014年":0.6173917407,"2013年":0.6201501549,"2012年":0.6538484914,"2011年":0.5754614753},"南京":{"2015年":0.2318691493,"2014年":0.3438707411,"2013年":0.3516564288,"2012年":0.3705656015,"2011年":0.2827533107},"杭州":{"2015年":0.3514727566,"2014年":0.4979677856,"2013年":0.5407150732,"2012年":0.6148017444,"2011年":0.5290249994},"宁波":{"2015年":0.2237081233,"2014年":0.3401575593,"2013年":0.3688244868,"2012年":0.4860662612,"2011年":0.4458938145},"合肥":{"2015年":0.1033501354,"2014年":0.1407998394,"2013年":0.0894629075,"2012年":0.1058198379,"2011年":0.1232466496},"福州":{"2015年":0.2343723211,"2014年":0.3007677254,"2013年":0.3031973539,"2012年":0.4360462054,"2011年":0.3474499175},"厦门":{"2015年":0.4948050612,"2014年":0.6857845351,"2013年":0.5339948548,"2012年":0.5919590294,"2011年":0.5673221221},"南昌":{"2015年":0.0842505915,"2014年":0.1060765718,"2013年":0.1186013545,"2012年":0.1143067637,"2011年":0.1070582921},"济南":{"2015年":0.1038644858,"2014年":0.1528927693,"2013年":0.1382369927,"2012年":0.1663418567,"2011年":0.183271254},"青岛":{"2015年":0.1350684086,"2014年":0.1878669276,"2013年":0.1893736546,"2012年":0.229332026,"2011年":0.2118135404},"郑州":{"2015年":0.0934403182,"2014年":0.1238396307,"2013年":0.1158712658,"2012年":0.0983080171,"2011年":0.0712386602},"武汉":{"2015年":0.1339368378,"2014年":0.1649856992,"2013年":0.1500498766,"2012年":0.1828720492,"2011年":0.1839588146},"长沙":{"2015年":0.0358673662,"2014年":0.0675899443,"2013年":0.072399853,"2012年":0.0955690792,"2011年":0.1160835187},"广州":{"2015年":0.3286698899,"2014年":0.5332931908,"2013年":0.5026513362,"2012年":0.5276385574,"2011年":0.4254488321},"深圳":{"2015年":1.0,"2014年":1.0,"2013年":1.0,"2012年":1.0,"2011年":1.0},"南宁":{"2015年":0.0593560333,"2014年":0.0999548397,"2013年":0.0931905287,"2012年":0.096658982,"2011年":0.0884901795},"海口":{"2015年":0.1076020985,"2014年":0.168698881,"2013年":0.1555100541,"2012年":0.1569871953,"2011年":0.1819859135},"重庆":{"2015年":0.0176250729,"2014年":0.0493251041,"2013年":0.0450989657,"2012年":0.0417012748,"2011年":0.0598745912},"成都":{"2015年":0.0715289922,"2014年":0.121681971,"2013年":0.1222239723,"2012年":0.1682258894,"2011年":0.1660538286},"贵阳":{"2015年":0.0160820217,"2014年":0.039791259,"2013年":0.0056701843,"2012年":0.0192745326,"2011年":0.0653114337},"昆明":{"2015年":0.0918972671,"2014年":0.0981484269,"2013年":0.0648396073,"2012年":0.0822248603,"2011年":0.0631601079},"拉萨":{"2015年":null,"2014年":null,"2013年":null,"2012年":null,"2011年":null},"西安":{"2015年":0.0590817131,"2014年":0.1000551959,"2013年":0.1078910065,"2012年":0.1375391156,"2011年":0.1358750344},"兰州":{"2015年":0.0545554298,"2014年":0.0877615535,"2013年":0.0598519452,"2012年":0.0832897777,"2011年":0.0449181604},"西宁":{"2015年":0.0035661626,"2014年":0.0349239801,"2013年":0.0,"2012年":0.0079028082,"2011年":0.0},"银川":{"2015年":0.0,"2014年":0.0,"2013年":0.0075602457,"2012年":0.0,"2011年":0.0307424802},"乌鲁木齐":{"2015年":0.0563728012,"2014年":0.082643384,"2013年":0.0775975219,"2012年":0.0721051061,"2011年":0.0870065261}}